# ZAP baseline scan rules, shared by every QuantumLogicsLabs project.
# Columns are separated by a TAB: rule id, action, name.
# FAIL blocks the workflow when it is enforced, IGNORE hides the rule, and any rule not listed stays a warning.
10010	FAIL	(Cookie No HttpOnly Flag)
10011	FAIL	(Cookie Without Secure Flag)
10023	FAIL	(Information Disclosure - Debug Error Messages)
10024	FAIL	(Information Disclosure - Sensitive Information in URL)
10098	FAIL	(Cross-Domain Misconfiguration)
90022	FAIL	(Application Error Disclosure)
10015	IGNORE	(Re-examine Cache-control Directives)
10027	IGNORE	(Information Disclosure - Suspicious Comments)
10049	IGNORE	(Storable and Cacheable Content)
10096	IGNORE	(Timestamp Disclosure)
10109	IGNORE	(Modern Web Application)
